risk,income,roi,literacyRate,investin
Medium,196547,Low,high,FD
High,837302,Med,high,stocks
Low,544051,Low,low,FD
Medium,851823,Med,high,Mutual Funds
Medium,918112,Med,low,Mutual Funds
Low,752879,Med,low,FD
Medium,263168,Low,high,FD
High,147073,High,med,FD
High,438262,High,high,Mutual Funds
High,908216,High,med,stocks
Medium,245999,High,med,FD
High,130885,Low,med,FD
High,607883,Med,med,stocks
Low,772554,High,med,FD
Low,379066,High,low,FD
Low,104501,High,low,FD
Medium,288056,Low,high,FD
Low,555993,Low,med,FD
Low,214611,Med,med,FD
Low,761091,High,high,FD
Low,399879,Low,med,FD
Low,460566,High,low,FD
Low,411124,Low,high,FD
Low,425066,Low,low,FD
Low,364734,High,high,FD
High,422464,Med,high,Mutual Funds
High,410898,High,med,Mutual Funds
High,395659,High,high,Mutual Funds
Low,651383,Low,high,FD
Low,286979,High,low,FD
Low,111193,Med,low,FD
Low,473976,High,med,FD
Low,322217,Low,high,FD
Medium,254495,High,high,FD
Medium,191717,High,high,FD
Low,253763,Med,low,FD
High,979883,High,med,stocks
Medium,445306,High,low,Mutual Funds
Low,694159,High,low,FD
High,919595,Low,low,Mutual Funds
High,253702,Med,high,FD
Medium,961413,High,med,Mutual Funds
Low,328354,High,med,FD
High,345572,Med,med,Mutual Funds
Medium,795084,High,high,Mutual Funds
High,812901,Low,med,Mutual Funds
Low,118595,Med,med,FD
Low,452525,High,med,FD
Low,463335,Low,high,FD
Low,121432,Med,high,FD
Low,119648,Low,med,FD
Low,350381,Med,low,FD
Medium,106139,Low,low,FD
Low,392021,Low,med,FD
Low,697574,Low,low,FD
Medium,200369,High,med,FD
Medium,644599,High,high,Mutual Funds
High,250414,Med,med,FD
Low,380976,Low,low,FD
High,864256,High,low,stocks
Medium,310016,Low,low,Mutual Funds
Medium,546500,Med,med,Mutual Funds
High,971293,High,low,stocks
Low,905992,Med,med,FD
Low,553560,Low,high,FD
High,633702,Med,low,stocks
Low,685139,Med,med,FD
High,362926,High,high,Mutual Funds
Medium,496463,High,med,Mutual Funds
High,962839,Med,med,stocks
Medium,300860,Low,low,Mutual Funds
Medium,712112,Med,low,Mutual Funds
Low,419005,Low,med,FD
Medium,215668,Low,med,FD
High,141212,Low,med,FD
Low,325902,Med,med,FD
High,449341,High,med,Mutual Funds
High,164672,High,low,FD
Medium,912460,Med,high,Mutual Funds
High,332930,Low,low,Mutual Funds
Medium,659881,Med,high,Mutual Funds
High,748172,Med,med,stocks
Low,243609,High,med,FD
Low,327593,High,high,FD
High,816482,Low,med,Mutual Funds
High,748677,High,med,stocks
High,876531,High,high,stocks
Low,110014,Med,med,FD
High,253681,Med,med,FD
Medium,205534,High,med,FD
Medium,402444,Low,med,Mutual Funds
Low,587880,Low,low,FD
Medium,190491,High,high,FD
Low,588115,Med,med,FD
Low,454830,Med,med,FD
Low,148413,Low,med,FD
High,473896,Low,high,Mutual Funds
Low,356936,Med,high,FD
Low,713391,Low,med,FD
Low,965538,High,med,FD
Low,590130,High,med,FD
High,338788,Low,low,Mutual Funds
Low,998336,High,high,FD
Medium,236580,Low,med,FD
High,235136,Low,high,FD
High,224557,High,low,FD
High,767821,High,high,stocks
Low,966630,Low,med,FD
Medium,477315,Low,med,Mutual Funds
Low,329539,Low,med,FD
Low,126799,High,med,FD
Low,562192,Low,low,FD
Low,845717,Low,med,FD
High,340992,High,high,Mutual Funds
Medium,375733,High,med,Mutual Funds
High,683822,Med,med,stocks
Medium,131069,Med,low,FD
Low,338996,High,high,FD
High,638945,Low,high,Mutual Funds
High,552295,Low,med,Mutual Funds
High,292785,Low,low,FD
Medium,220104,Med,high,FD
Low,913315,High,low,FD
Medium,841473,High,low,Mutual Funds
Medium,290118,Low,med,FD
Medium,149607,High,high,FD
High,947491,Low,med,Mutual Funds
High,353873,High,high,Mutual Funds
High,778256,Low,low,Mutual Funds
High,927216,Low,low,Mutual Funds
High,177624,High,med,FD
Medium,549208,High,low,Mutual Funds
High,324820,Low,med,Mutual Funds
Low,325176,Med,high,FD
Medium,640085,Med,low,Mutual Funds
High,255091,Med,med,FD
High,203211,Med,low,FD
Medium,460144,Med,med,Mutual Funds
Low,194673,High,low,FD
Medium,504896,Med,low,Mutual Funds
Low,603134,High,med,FD
Low,416398,Med,low,FD
High,464170,High,low,Mutual Funds
Medium,422158,Low,high,Mutual Funds
Low,338386,Low,med,FD
Medium,189094,Low,low,FD
Medium,167515,High,med,FD
High,195478,Low,low,FD
High,194506,High,low,FD
Low,438462,Med,med,FD
Low,328769,Low,low,FD
Medium,254568,High,high,FD
Low,262567,Low,low,FD
Low,819175,High,med,FD
High,423640,Low,high,Mutual Funds
High,961658,High,high,stocks
Low,250252,Med,med,FD
High,491108,Med,med,Mutual Funds
High,144667,Low,low,FD
Medium,370341,Low,med,Mutual Funds
Medium,269678,High,low,FD
Medium,226737,Low,high,FD
Low,427967,Low,med,FD
Low,106256,High,high,FD
Low,276644,Med,med,FD
Medium,314758,Med,low,Mutual Funds
Medium,260338,Med,high,FD
High,520062,Med,low,stocks
Low,716201,Low,low,FD
Low,840597,Low,low,FD
High,493803,Med,med,Mutual Funds
Medium,109131,High,low,FD
High,599528,Low,high,Mutual Funds
Low,562646,Med,low,FD
High,388540,Low,med,Mutual Funds
High,196534,Med,low,FD
High,656875,High,low,stocks
High,523047,High,low,stocks
Medium,289673,Med,high,FD
High,448970,Low,low,Mutual Funds
Medium,265456,Med,low,FD
Low,481789,Med,low,FD
Medium,389831,High,high,Mutual Funds
Medium,382820,Low,high,Mutual Funds
Medium,415062,High,low,Mutual Funds
Low,956239,Med,high,FD
Medium,840363,High,low,Mutual Funds
Medium,230573,Low,high,FD
Low,229787,Low,med,FD
Low,241760,Med,high,FD
Medium,161861,Low,high,FD
Low,591286,Med,med,FD
High,870378,Low,med,Mutual Funds
High,985502,High,low,stocks
Low,477824,Med,low,FD
Medium,751619,High,high,Mutual Funds
Low,808446,Low,med,FD
Medium,887217,Low,low,FD
High,374132,High,low,Mutual Funds
Low,377969,Med,med,FD
Medium,423764,High,low,Mutual Funds
High,173369,Med,med,FD
High,480096,Med,high,Mutual Funds
Low,135308,Low,low,FD
Low,370387,Low,med,FD
Medium,385839,High,high,Mutual Funds
High,483803,High,high,Mutual Funds
Low,589458,Med,med,FD
High,709929,Med,high,stocks
Medium,417075,Low,med,Mutual Funds
Medium,286523,Med,med,FD
High,161260,High,med,FD
Low,492411,High,high,FD
High,331671,High,med,Mutual Funds
High,117087,Med,high,FD
Medium,437258,Med,high,Mutual Funds
Medium,126162,Low,med,FD
Low,115657,Med,low,FD
Low,107163,Low,low,FD
Low,549211,Med,med,FD
Low,180746,High,high,FD
High,785875,High,high,stocks
High,474175,Med,high,Mutual Funds
Low,286702,High,high,FD
Low,489767,Low,high,FD
Medium,886824,High,med,Mutual Funds
High,952749,Med,med,stocks
High,116088,High,low,FD
Low,685628,High,low,FD
High,724729,High,med,stocks
High,457429,High,high,Mutual Funds
Medium,398976,High,med,Mutual Funds
Low,451724,High,high,FD
High,456690,Low,high,Mutual Funds
High,131100,High,low,FD
Low,824225,High,med,FD
High,383629,Low,high,Mutual Funds
Low,118590,Med,low,FD
Medium,101618,Low,med,FD
Low,872270,Low,high,FD
High,742971,Med,high,stocks
High,488261,Med,low,Mutual Funds
Low,424406,High,low,FD
High,313914,High,low,Mutual Funds
Medium,934196,High,low,Mutual Funds
Low,442053,Low,high,FD
Low,370486,Low,med,FD
High,412767,Med,high,Mutual Funds
Medium,443443,Med,low,Mutual Funds
Low,844508,High,low,FD
Low,323336,High,low,FD
Low,752749,Low,med,FD
Medium,437471,Med,med,Mutual Funds
High,375744,Low,low,Mutual Funds
Low,161198,Med,high,FD
Low,371131,Med,high,FD
Low,505601,Low,low,FD
Low,449645,Low,med,FD
Low,591642,High,low,FD
Low,895503,Low,high,FD
Medium,964584,Med,med,Mutual Funds
Medium,854522,Med,high,Mutual Funds
Medium,857934,Low,low,FD
High,461397,Med,high,Mutual Funds
Low,430495,Med,high,FD
Medium,280925,Low,low,FD
Low,231605,Med,med,FD
Low,648337,High,low,FD
Medium,338951,Low,high,Mutual Funds
Low,274518,Low,med,FD
Medium,179896,Low,low,FD
Medium,451574,High,low,Mutual Funds
Low,380695,High,high,FD
High,148263,Med,low,FD
Low,934831,High,low,FD
Low,461073,Med,high,FD
High,211145,Med,high,FD
High,818978,Low,high,Mutual Funds
Low,643572,High,med,FD
Low,199825,Low,high,FD
Low,316092,Low,med,FD
Medium,709564,Low,low,FD
Medium,201057,Low,low,FD
High,925360,High,high,stocks
Medium,198278,High,low,FD
Medium,239258,Med,low,FD
Medium,394541,High,med,Mutual Funds
High,697668,Low,low,Mutual Funds
Medium,179560,High,high,FD
Low,478396,Low,med,FD
High,527785,High,high,stocks
Medium,368798,Med,low,Mutual Funds
High,739411,Low,med,Mutual Funds
High,167798,Low,med,FD
Low,361270,High,med,FD
Medium,419096,Med,med,Mutual Funds
Low,462983,High,med,FD
Low,424438,Med,med,FD
Medium,300932,Low,med,Mutual Funds
Medium,485764,High,med,Mutual Funds
Medium,419259,Low,low,Mutual Funds
High,452048,High,med,Mutual Funds
Medium,144138,High,med,FD
Medium,657639,High,med,Mutual Funds
Medium,441861,Med,med,Mutual Funds
Medium,765655,Med,low,Mutual Funds
Medium,274834,High,high,FD
Medium,267600,Med,low,FD
High,335316,High,med,Mutual Funds
Low,295517,High,high,FD
Low,995745,Low,high,FD
Medium,950924,Med,high,Mutual Funds
Low,477105,Low,high,FD
Low,336606,Low,med,FD
High,762893,Low,med,Mutual Funds
Medium,293052,Med,low,FD
Medium,307986,High,high,Mutual Funds
Low,850040,Low,low,FD
High,815847,Low,low,Mutual Funds
High,767165,High,high,stocks
Low,783453,Low,med,FD
Medium,432861,Low,med,Mutual Funds
Low,222014,High,low,FD
Low,547368,Med,med,FD
Medium,902212,Low,high,FD
High,439528,Low,med,Mutual Funds
High,151929,High,high,FD
Medium,921275,High,low,Mutual Funds
Low,194501,High,low,FD
Medium,542787,High,high,Mutual Funds
Low,115519,Med,med,FD
Low,217014,High,high,FD
Low,112741,High,high,FD
High,231992,High,high,FD
High,146705,Low,high,FD
Medium,494310,Med,med,Mutual Funds
Medium,969459,Low,low,FD
Low,816871,Low,high,FD
High,489818,Low,med,Mutual Funds
Medium,292236,Low,high,FD
High,204544,Low,med,FD
High,688430,Low,med,Mutual Funds
High,746006,Med,high,stocks
High,309265,High,low,Mutual Funds
High,316421,High,high,Mutual Funds
Medium,371222,Low,low,Mutual Funds
High,163722,Low,low,FD
High,241431,Low,high,FD
High,354765,Low,med,Mutual Funds
Low,950839,Low,high,FD
High,841010,Med,low,stocks
Medium,175646,Med,med,FD
Medium,295696,Low,med,FD
Medium,309472,High,high,Mutual Funds
Medium,182374,Low,low,FD
Low,364566,High,low,FD
Low,271092,High,med,FD
High,298503,Low,low,FD
High,370536,Med,low,Mutual Funds
Low,304254,High,high,FD
Medium,460771,Low,med,Mutual Funds
High,326253,High,med,Mutual Funds
Medium,208035,High,low,FD
Low,475556,Low,low,FD
Low,112793,Low,med,FD
Low,427481,Low,high,FD
Low,576152,Low,high,FD
High,857324,High,high,stocks
Medium,330068,Low,med,Mutual Funds
High,298214,Low,med,FD
High,506740,High,low,stocks
Low,290485,Med,low,FD
Low,324512,Med,med,FD
High,349219,Low,low,Mutual Funds
High,314966,Med,med,Mutual Funds
Medium,308291,High,med,Mutual Funds
Medium,874559,High,high,Mutual Funds
High,173000,High,low,FD
Medium,413808,Low,high,Mutual Funds
Medium,150707,Med,med,FD
Medium,193693,High,med,FD
Low,412869,Low,high,FD
High,906378,Low,low,Mutual Funds
High,345796,Low,high,Mutual Funds
Low,929902,High,high,FD
Medium,661615,Med,high,Mutual Funds
High,204050,Med,low,FD
Low,247795,Low,low,FD
Low,406161,Low,med,FD
Low,441739,Med,med,FD
Low,499225,Med,high,FD
High,422285,Med,low,Mutual Funds
Low,153656,High,high,FD
High,141566,Low,high,FD
High,461891,Med,med,Mutual Funds
Medium,472116,High,low,Mutual Funds
Low,671270,High,high,FD
Low,275619,Med,med,FD
Medium,260056,Med,med,FD
Medium,179437,High,med,FD
Low,207851,High,high,FD
Medium,616689,Med,low,Mutual Funds
Medium,992721,Med,low,Mutual Funds
Low,508548,Med,high,FD
Medium,140013,Med,low,FD
Low,601195,Med,low,FD
High,217880,High,med,FD
Low,852838,Med,low,FD
High,826524,High,med,stocks
Low,731651,Low,low,FD
Medium,304002,Med,high,Mutual Funds
Medium,163316,Med,low,FD
Medium,849761,Med,high,Mutual Funds
Medium,116011,High,med,FD
Low,231923,High,low,FD
High,207333,High,high,FD
Low,466764,High,med,FD
Low,346479,High,low,FD
Medium,469518,High,high,Mutual Funds
Medium,914704,Low,med,FD
Medium,722433,Low,high,FD
High,433647,High,high,Mutual Funds
High,235932,Low,high,FD
Medium,238435,Med,med,FD
Medium,977904,Low,high,FD
Low,358640,High,low,FD
Low,252183,High,low,FD
High,489850,Med,med,Mutual Funds
Medium,409377,High,high,Mutual Funds
Low,423716,Low,low,FD
Low,394660,High,med,FD
Medium,568651,High,low,Mutual Funds
Low,419187,Low,high,FD
High,545561,High,high,stocks
Medium,269420,Med,low,FD
High,883655,Med,high,stocks
High,937302,High,high,stocks
High,478490,Med,high,Mutual Funds
High,244577,Med,low,FD
Medium,355786,High,med,Mutual Funds
Medium,617119,Med,med,Mutual Funds
High,369801,Low,med,Mutual Funds
Medium,521078,Low,high,FD
Medium,479757,Med,med,Mutual Funds
Low,638421,Low,low,FD
High,420998,Low,med,Mutual Funds
Medium,220466,High,high,FD
Medium,362841,Med,high,Mutual Funds
Medium,881470,Low,low,FD
Low,259216,High,high,FD
High,428224,Low,low,Mutual Funds
Low,257139,High,med,FD
Low,380814,High,med,FD
Medium,218093,Low,med,FD
Low,438045,Low,med,FD
High,309730,Low,high,Mutual Funds
Medium,468428,Low,high,Mutual Funds
Medium,224749,Low,high,FD
Medium,802190,High,med,Mutual Funds
Low,445924,Low,low,FD
High,141447,High,med,FD
High,572682,Med,med,stocks
High,220891,High,med,FD
Medium,737129,High,low,Mutual Funds
Low,901111,Low,low,FD
High,458338,High,high,Mutual Funds
High,207257,Low,high,FD
Low,503457,Med,med,FD
Medium,266382,High,med,FD
High,229750,High,low,FD
High,980989,Low,low,Mutual Funds
High,564382,Med,high,stocks
Medium,196993,Low,high,FD
Medium,620430,Low,med,FD
Medium,114214,High,med,FD
Low,359106,Low,low,FD
Low,487710,Low,high,FD
Medium,114409,Low,high,FD
Low,328448,Med,high,FD
High,442614,Low,med,Mutual Funds
Medium,514395,Med,high,Mutual Funds
High,279823,Med,med,FD
Low,495244,Med,low,FD
Medium,508910,High,high,Mutual Funds
Medium,379277,Low,med,Mutual Funds
Medium,813042,Low,med,FD
High,107397,Med,high,FD
High,197030,Low,low,FD
Medium,912352,Med,low,Mutual Funds
High,667299,High,high,stocks
High,266675,Med,med,FD
Low,204749,Low,high,FD
Low,315402,Low,high,FD
High,220448,Low,med,FD
Low,348630,High,low,FD
High,403541,Med,low,Mutual Funds
High,751568,Low,low,Mutual Funds
Medium,362720,Low,high,Mutual Funds
Low,314374,Med,low,FD
Medium,399538,Med,high,Mutual Funds
Low,162225,Low,high,FD
High,425617,Low,med,Mutual Funds
Low,510522,Low,med,FD
Low,128176,Med,med,FD
High,252357,High,high,FD
High,302276,Med,low,Mutual Funds
Medium,388714,High,low,Mutual Funds
Medium,319055,Med,low,Mutual Funds
High,702428,Med,med,stocks
Medium,706911,High,med,Mutual Funds
High,190755,High,low,FD
Medium,286216,Low,high,FD
Low,244726,Low,high,FD
Medium,362845,High,high,Mutual Funds
Low,239439,Low,high,FD
Low,668762,High,low,FD
High,358284,High,med,Mutual Funds
High,245921,High,low,FD
High,445942,High,high,Mutual Funds
Low,340710,High,med,FD
Low,462959,High,low,FD
Low,407094,Med,med,FD
Low,193410,Low,med,FD
Medium,308713,High,high,Mutual Funds
Low,414917,Low,high,FD
Medium,645046,Med,med,Mutual Funds
High,925092,High,high,stocks
High,316566,Low,med,Mutual Funds
Low,469996,Med,high,FD
Medium,750818,Med,med,Mutual Funds
High,784913,Med,med,stocks
High,573782,High,high,stocks
High,528605,Med,high,stocks
Medium,480103,Low,low,Mutual Funds
High,325023,High,low,Mutual Funds
Low,101445,High,med,FD
Low,230891,High,high,FD
High,694610,Low,high,Mutual Funds
Low,605391,High,med,FD
Low,814854,Low,med,FD
High,454801,Low,med,Mutual Funds
High,182102,Med,med,FD
Medium,329655,Low,high,Mutual Funds
High,102438,High,med,FD
Medium,371182,High,med,Mutual Funds
Medium,188566,Low,high,FD
Low,132525,High,low,FD
High,234845,High,high,FD
High,739736,High,med,stocks
High,110081,Low,high,FD
High,504326,Low,med,Mutual Funds
Low,964435,Low,high,FD
High,394812,Med,high,Mutual Funds
High,218045,High,med,FD
Low,127412,High,low,FD
Low,954564,Med,med,FD
Low,717299,Med,high,FD
Medium,292219,Med,low,FD
Medium,799198,Med,med,Mutual Funds
Low,468846,Med,low,FD
Medium,987041,High,high,Mutual Funds
Medium,420641,Med,low,Mutual Funds
High,457150,High,high,Mutual Funds
Low,121847,Low,med,FD
High,412703,Med,low,Mutual Funds
Medium,448641,Low,high,Mutual Funds
High,112453,Low,low,FD
High,204541,Med,high,FD
High,446677,Low,high,Mutual Funds
Medium,243363,Med,high,FD
Low,189385,Low,med,FD
High,331881,Low,med,Mutual Funds
Low,480936,High,high,FD
High,647551,Low,low,Mutual Funds
Low,331871,Med,low,FD
Medium,607068,Med,low,Mutual Funds
Medium,147575,High,high,FD
Low,367447,High,med,FD
Low,148156,High,med,FD
Low,130584,Low,high,FD
Medium,320537,Low,med,Mutual Funds
Medium,818629,Low,med,FD
High,488495,Low,low,Mutual Funds
Medium,860657,High,high,Mutual Funds
Low,184186,Med,high,FD
Medium,566599,Low,high,FD
Low,550328,High,med,FD
Low,789957,Low,med,FD
Low,325501,Low,med,FD
High,594375,Low,low,Mutual Funds
Low,288275,Med,med,FD
Medium,378560,Med,high,Mutual Funds
Medium,343918,Low,med,Mutual Funds
Medium,498140,Med,high,Mutual Funds
High,283520,Med,high,FD
Low,240508,Med,high,FD
Medium,106618,Low,low,FD
Medium,455297,High,med,Mutual Funds
Low,469395,Low,high,FD
Medium,408136,Low,low,Mutual Funds
Medium,313271,Med,low,Mutual Funds
Low,357791,Low,low,FD
High,108003,High,high,FD
High,193756,Low,low,FD
High,165740,Low,med,FD
High,398552,Low,low,Mutual Funds
High,551336,Med,med,stocks
High,229090,High,low,FD
Low,334288,High,high,FD
Medium,697018,Med,med,Mutual Funds
Medium,768925,High,high,Mutual Funds
Medium,201317,Low,med,FD
Low,352058,Med,high,FD
High,107332,Med,med,FD
Medium,132465,Med,high,FD
Medium,475579,Med,high,Mutual Funds
Medium,361756,High,high,Mutual Funds
Low,699469,High,med,FD
High,635271,Med,high,stocks
Low,127117,High,high,FD
Medium,458073,Low,high,Mutual Funds
High,469070,Low,med,Mutual Funds
Medium,843097,Low,low,FD
High,527832,Med,low,stocks
Low,198762,Med,high,FD
Low,325717,Low,low,FD
Medium,327098,Low,high,Mutual Funds
High,863885,Med,med,stocks
Low,764666,Med,low,FD
High,606700,Low,med,Mutual Funds
Low,486744,Low,high,FD
High,324403,Med,med,Mutual Funds
High,263933,Med,low,FD
Low,733086,Low,high,FD
High,497614,Med,med,Mutual Funds
High,248890,Med,low,FD
Low,370792,Low,low,FD
High,459424,Low,med,Mutual Funds
Low,551441,Med,low,FD
Medium,741661,Low,high,FD
Low,328402,Low,low,FD
Low,350447,Med,med,FD
Low,642827,Med,low,FD
High,131688,Low,high,FD
Medium,844822,Low,low,FD
High,845174,High,low,stocks
Low,942144,High,low,FD
Medium,333420,Med,high,Mutual Funds
Medium,264176,Low,low,FD
Low,250097,Med,med,FD
Low,152416,High,low,FD
Medium,190921,High,low,FD
Medium,541395,Low,low,FD
High,821943,High,high,stocks
Medium,433229,Med,med,Mutual Funds
Low,935197,Low,med,FD
High,474059,High,low,Mutual Funds
Medium,280333,Low,high,FD
High,763111,Low,high,Mutual Funds
Medium,234651,Med,low,FD
Medium,155336,Med,low,FD
Medium,272954,Low,med,FD
Low,490272,Med,low,FD
Medium,452570,High,high,Mutual Funds
Medium,472015,Med,low,Mutual Funds
High,479695,High,high,Mutual Funds
Medium,604763,High,low,Mutual Funds
Medium,915581,Low,high,FD
High,326942,Low,med,Mutual Funds
Medium,492708,High,low,Mutual Funds
High,308086,Med,med,Mutual Funds
High,525600,Low,low,Mutual Funds
High,423421,Med,low,Mutual Funds
Low,521620,High,med,FD
High,116826,High,low,FD
Low,559871,High,high,FD
Low,578456,Med,med,FD
Low,491967,Low,med,FD
Low,457311,Low,med,FD
Low,474921,Med,med,FD
Medium,121386,High,med,FD
Low,252743,Med,high,FD
Low,927325,Low,low,FD
High,191934,High,med,FD
Low,940494,Low,high,FD
Low,429796,High,high,FD
Low,198556,Low,low,FD
High,546882,Low,med,Mutual Funds
High,273405,Med,high,FD
Low,565469,Med,med,FD
Medium,449319,High,med,Mutual Funds
High,555201,Med,med,stocks
Medium,467385,High,low,Mutual Funds
High,332375,High,low,Mutual Funds
Medium,506982,High,med,Mutual Funds
Low,128329,Low,high,FD
Medium,100388,Low,med,FD
High,850989,Med,med,stocks
Medium,496169,Med,high,Mutual Funds
Low,442675,High,low,FD
Low,409303,High,med,FD
Low,300765,Low,med,FD
Medium,865816,Low,high,FD
Medium,296552,Low,med,FD
Medium,115347,Med,low,FD
Medium,136398,Low,low,FD
Low,313855,Low,med,FD
High,796169,Med,med,stocks
High,985309,Med,low,stocks
Medium,784756,Med,high,Mutual Funds
High,216436,Low,high,FD
Medium,257767,Low,low,FD
Medium,446493,Med,low,Mutual Funds
Low,537130,Low,med,FD
High,717007,Med,high,stocks
Medium,212334,Med,high,FD
Medium,912267,High,high,Mutual Funds
High,165563,Med,high,FD
Medium,255251,High,med,FD
High,406213,Low,high,Mutual Funds
Low,626539,High,med,FD
High,247129,High,low,FD
High,198383,Med,high,FD
High,465981,Low,high,Mutual Funds
High,209606,High,low,FD
High,372489,Med,high,Mutual Funds
High,301609,Med,high,Mutual Funds
High,693432,Low,med,Mutual Funds
Low,688574,Low,high,FD
Low,568573,Med,high,FD
High,360010,Med,low,Mutual Funds
High,179781,High,low,FD
High,255227,Med,med,FD
Low,797292,High,low,FD
Medium,151883,Med,low,FD
Low,499738,Med,low,FD
Low,183091,Low,high,FD
Medium,239959,Med,low,FD
High,884836,High,low,stocks
High,316038,Low,med,Mutual Funds
Medium,450448,High,high,Mutual Funds
Low,269854,Med,high,FD
Low,120684,Low,med,FD
High,363021,Low,high,Mutual Funds
Medium,196517,High,high,FD
High,941933,Med,low,stocks
High,753994,High,low,stocks
High,902022,Low,med,Mutual Funds
Medium,631562,Med,med,Mutual Funds
Low,499545,Low,med,FD
Medium,888345,Med,low,Mutual Funds
Medium,196684,High,med,FD
High,392777,Low,high,Mutual Funds
Medium,293962,High,high,FD
High,291136,Med,high,FD
High,313553,Low,med,Mutual Funds
High,102139,Med,high,FD
Medium,445577,Med,low,Mutual Funds
Medium,162387,Med,high,FD
Low,380113,Med,high,FD
High,616807,Med,med,stocks
Low,200115,High,low,FD
Low,991404,High,high,FD
Low,139941,High,med,FD
Low,191104,Med,low,FD
Medium,104436,High,med,FD
High,395809,Low,med,Mutual Funds
High,410070,High,low,Mutual Funds
High,420582,Med,low,Mutual Funds
Medium,192127,High,med,FD
Low,189211,Med,high,FD
Medium,670374,Low,med,FD
High,116134,Med,med,FD
Medium,192851,Low,low,FD
Medium,146948,High,high,FD
Low,876322,Low,high,FD
High,376802,High,med,Mutual Funds
Medium,290947,Med,high,FD
High,269801,High,low,FD
High,118496,Low,med,FD
Medium,396804,High,high,Mutual Funds
High,557022,Med,high,stocks
Low,447410,Med,med,FD
High,798732,High,low,stocks
High,219545,Low,low,FD
High,535842,Low,med,Mutual Funds
High,386026,High,low,Mutual Funds
High,301488,High,med,Mutual Funds
High,943250,Med,med,stocks
Medium,841521,Med,low,Mutual Funds
Low,883442,High,high,FD
Low,505599,High,high,FD
Low,546971,Med,low,FD
Low,115472,High,med,FD
Low,481945,Low,med,FD
Low,390370,Low,med,FD
Medium,376145,High,high,Mutual Funds
Medium,919893,Med,high,Mutual Funds
High,245769,Low,high,FD
High,418596,High,high,Mutual Funds
Medium,892951,Low,med,FD
Medium,615178,High,med,Mutual Funds
Medium,312990,High,med,Mutual Funds
Low,479199,Med,med,FD
Low,341988,High,high,FD
Medium,349102,Low,med,Mutual Funds
Low,248179,Low,med,FD
Medium,727565,Low,high,FD
Medium,319276,Low,high,Mutual Funds
Medium,414172,High,med,Mutual Funds
Low,348902,Low,med,FD
High,695515,Low,high,Mutual Funds
High,752363,Med,high,stocks
Low,198918,Low,high,FD
Low,807548,Low,low,FD
High,106285,Med,high,FD
Medium,894984,Low,low,FD
High,215258,Med,high,FD
Medium,533893,High,med,Mutual Funds
Low,178544,Med,med,FD
Low,456945,Med,low,FD
Low,866236,Low,med,FD
Low,781572,Med,high,FD
High,583770,Low,med,Mutual Funds
Low,189011,High,med,FD
Medium,784628,High,med,Mutual Funds
Medium,803219,Med,med,Mutual Funds
Low,237707,Med,low,FD
Low,311950,Med,high,FD
Low,858407,Med,med,FD
Low,409913,Med,med,FD
Low,686492,Low,high,FD
Low,360460,Low,med,FD
Low,438667,Low,high,FD
High,139239,High,med,FD
Medium,304993,High,low,Mutual Funds
Low,481883,High,low,FD
Medium,789425,Med,med,Mutual Funds
High,328689,Med,med,Mutual Funds
High,223110,High,low,FD
Medium,220761,High,high,FD
Low,490333,Med,med,FD
Medium,612446,High,high,Mutual Funds
Low,252507,High,med,FD
Low,208868,High,med,FD
Medium,888760,High,low,Mutual Funds
Low,327167,Med,low,FD
Low,429903,Low,med,FD
High,314821,Low,low,Mutual Funds
Low,418497,Med,med,FD
Medium,470645,Low,med,Mutual Funds
Medium,225089,High,med,FD
Low,371480,High,med,FD
High,201982,High,high,FD
High,433628,High,high,Mutual Funds
High,312896,High,high,Mutual Funds
High,141833,Med,high,FD
High,369412,Low,low,Mutual Funds
High,404160,Med,low,Mutual Funds
Low,222707,Med,low,FD
High,718263,Low,med,Mutual Funds
Low,405370,High,med,FD
Medium,402975,Low,low,Mutual Funds
Medium,100239,Low,high,FD
Low,624349,Low,low,FD
High,385290,Med,high,Mutual Funds
Low,939107,High,high,FD
High,658532,High,low,stocks
Medium,846366,Low,high,FD
Low,246262,High,med,FD
Medium,343350,Low,high,Mutual Funds
Low,384881,Med,med,FD
Medium,234728,High,low,FD
Low,212880,Med,med,FD
High,124089,Med,high,FD
Low,411175,Med,high,FD
Medium,310916,Low,low,Mutual Funds
Low,167480,High,med,FD
Medium,840041,Low,low,FD
Medium,237043,Low,med,FD
High,393815,Med,med,Mutual Funds
High,820013,Med,med,stocks
Low,258292,Med,low,FD
High,523489,High,high,stocks
High,347431,Med,low,Mutual Funds
High,666747,Low,high,Mutual Funds
Medium,400468,High,high,Mutual Funds
Medium,621416,Med,high,Mutual Funds
Low,134688,Med,low,FD
High,532377,Low,med,Mutual Funds
Low,559567,Low,low,FD
High,748827,High,low,stocks
High,194383,Med,low,FD
Medium,435755,Low,low,Mutual Funds
High,458639,Med,med,Mutual Funds
High,238122,Med,high,FD
Medium,464749,Med,med,Mutual Funds
Low,287820,Med,high,FD
High,518478,High,low,stocks
Low,866485,High,high,FD
Low,699072,Low,high,FD
Low,256688,High,med,FD
High,439926,Low,high,Mutual Funds
High,401075,Low,high,Mutual Funds
High,926323,Low,low,Mutual Funds
Low,381757,High,low,FD
Medium,606423,Med,low,Mutual Funds
Low,833080,High,low,FD
Low,878959,Med,high,FD
Medium,120877,High,med,FD
Medium,405706,Low,low,Mutual Funds
Medium,445101,High,low,Mutual Funds
Medium,202869,Med,low,FD
High,208482,High,high,FD
Low,435622,Low,low,FD
High,617055,High,med,stocks
Medium,821154,Low,high,FD
High,107595,High,med,FD
Low,300821,Med,high,FD
Medium,263564,Med,low,FD
Medium,919356,Med,med,Mutual Funds
Medium,176058,Med,med,FD
Low,382831,High,high,FD
High,122030,Med,low,FD
High,323627,Med,low,Mutual Funds
Low,656538,Med,med,FD
Medium,466430,High,med,Mutual Funds
Medium,763295,High,high,Mutual Funds
Medium,557013,Med,med,Mutual Funds
High,305850,High,low,Mutual Funds
High,912012,Med,low,stocks
Low,369085,Med,med,FD
Low,107773,High,low,FD
High,823591,Low,low,Mutual Funds
Low,480734,High,low,FD
High,490517,High,high,Mutual Funds
Low,859226,High,high,FD
Low,489311,Low,med,FD
High,111419,Low,med,FD
High,762946,Med,med,stocks
High,274223,Med,high,FD
Medium,403810,Med,low,Mutual Funds
High,246048,Med,high,FD
High,234419,High,high,FD
Low,705138,Med,high,FD
High,270385,High,high,FD
High,196125,Med,med,FD
High,584165,High,low,stocks
High,350995,Low,low,Mutual Funds
Low,928417,Med,high,FD
High,947596,High,low,stocks
Low,548726,Med,low,FD
Low,107214,Med,low,FD
Low,209845,Low,low,FD
Low,230378,Med,low,FD
Low,123960,High,high,FD
Low,172279,Low,low,FD
Medium,213538,Med,med,FD
Medium,161296,Low,med,FD
High,217389,Low,low,FD
Low,274229,Low,high,FD
Low,575081,Med,med,FD
High,986603,Med,low,stocks
Medium,836088,Med,low,Mutual Funds
Medium,218408,Med,low,FD
High,547450,Med,high,stocks
Medium,165099,Low,high,FD
Medium,248611,Low,low,FD
High,215324,High,med,FD
Medium,658137,Low,high,FD
Low,332760,High,med,FD
Low,922733,High,high,FD
High,895844,Low,high,Mutual Funds
High,666737,Med,med,stocks
Low,682162,Med,high,FD
Low,455871,Med,med,FD
Low,394253,High,high,FD
Medium,660388,Low,low,FD
High,954574,High,high,stocks
High,461823,Med,high,Mutual Funds
Medium,350302,High,low,Mutual Funds
Medium,194627,High,med,FD
Low,818043,Med,low,FD
High,114786,Low,high,FD
High,798017,High,low,stocks
Low,764943,High,high,FD
High,140168,Med,low,FD
High,231268,High,high,FD
High,420463,Med,high,Mutual Funds
Medium,414320,Low,low,Mutual Funds
High,912097,Low,med,Mutual Funds
High,581935,Med,med,stocks
Medium,294124,Low,high,FD
Low,505958,Med,med,FD
Low,498975,Low,high,FD
High,245042,Low,high,FD
Medium,903326,Med,high,Mutual Funds
High,395862,Low,high,Mutual Funds
High,361747,High,med,Mutual Funds
High,934114,Low,high,Mutual Funds
